<?xml version="1.0" encoding="UTF-8"?>
<beans xmlns="http://www.springframework.org/schema/beans"
       xmlns:xsi="http://www.w3.org/2001/XMLSchema-instance"
       xmlns:context="http://www.springframework.org/schema/context"
       xmlns:mvc="http://www.springframework.org/schema/mvc"
       xmlns:beans="http://www.springframework.org/schema/c"
       xsi:schemaLocation="http://www.springframework.org/schema/beans
http://www.springframework.org/schema/beans/spring-beans.xsd
http://www.springframework.org/schema/context
http://www.springframework.org/schema/context/spring-context.xsd
http://www.springframework.org/schema/mvc
http://www.springframework.org/schema/mvc/spring-mvc.xsd">
<!--    <context:component-scan base-package="codegym.*"/>-->
<!--    <mvc:annotation-driven/>-->
<!--    <bean class="org.thymeleaf.spring4.view.ThymeleafViewResolver">-->
<!--        <property name="templateEngine" ref="templateEngine" />-->
<!--        <property name="order" value="1" />-->
<!--        <property name="viewNames" value="*.html,*.xhtml" />-->
<!--    </bean>-->
<!--    <bean id="templateResolver" class="org.thymeleaf.spring4.templateresolver.SpringResourceTemplateResolver">-->
<!--        <property name="prefix" value="/WEB-INF/templates/" />-->
<!--        <property name="suffix" value=".html" />-->
<!--        <property name="templateMode" value="HTML5" />-->
<!--    </bean>-->
<!--    <bean id="templateEngine" class="org.thymeleaf.spring4.SpringTemplateEngine">-->
<!--        <property name="templateResolver" ref="templateResolver" />-->
<!--    </bean>-->

</beans>
